episode,mean_reward
200,-16.495872180451123
400,-7.4
600,-18.530795112781945
800,-10.492499999999994
1000,-18.23471240601503
1200,-19.11163283208019
1400,-1.8205858395989902
1600,-2.902378994360898
1800,11.971675125313293
2000,-14.240558270676678
2200,0.9036472431077687
2400,16.777590852130334
2600,18.838556547619046
2800,16.408060776942353
3000,18.83856359649123
